Aspect,Aspect Title,Aspect Importance,Aspect Description,Aspect Description Revised,access,accord,address,activ,advanc,addit,ahead,applic,adopt,ani,aim,alic,attempt,assumpt,attack,becom,challeng,bank,channel,base,classic,basi,bit,bb84,complex,bennett,bob,brassard,concept,carri,caus,charl,continu,clone,develop,coin,commerci,common,compani,compar,complet,cryptograph,compromis,core,cornerston,cryptographi,detect,decoy,denot,diagon,,,,,,,,,,,,,,,,,,,,,,,,,,,,,,,,,,,,,,,,,,,,,,,,,,
0 (Baseline),Cryptography,50,"Quantum cryptography stands as a revolutionary paradigm in the realm of secure communication, harnessing the principles of quantum mechanics to establish unbreakable cryptographic protocols. At its core lies the fundamental concept of Quantum Key Distribution (QKD), a cryptographic technique that enables the secure exchange of encryption keys between remote parties. Unlike classical cryptography, which relies on computational complexity assumptions that could potentially be compromised by advances in computing power, quantum cryptography offers unconditional security guarantees based on the laws of quantum physics.

The cornerstone of quantum cryptography is the use of quantum states, typically photons, to encode information. These quantum states carry the cryptographic keys, and their properties are manipulated and measured by the sender (commonly referred to as Alice) and the receiver (Bob) to establish a shared secret key. The security of QKD protocols is grounded in the principles of quantum mechanics, including the Heisenberg uncertainty principle and the no-cloning theorem. Any attempt by an eavesdropper (often denoted as Eve) to intercept or measure the quantum states would inevitably disturb them, thus revealing her presence and compromising the security of the communication.

One of the most widely studied QKD protocols is the BB84 protocol, proposed by Charles Bennett and Gilles Brassard in 1984. In the BB84 protocol, Alice randomly prepares a sequence of quantum states, each representing a bit of the encryption key, using one of four possible states: the standard basis states |0⟩ and |1⟩, and the diagonal basis states |+⟩ and |−⟩. She then transmits these quantum states to Bob over a quantum channel. Upon receiving the quantum states, Bob randomly selects a basis (either the standard or diagonal basis) for each received state and measures it accordingly. After the transmission is complete, Alice and Bob publicly compare a subset of their measurement bases to detect any discrepancies caused by Eve's potential interference. If no discrepancies are found, they can safely use the remaining bits of their shared key for secure communication.

Beyond the BB84 protocol, numerous variations and enhancements to QKD have been proposed and studied, each aiming to improve the efficiency, security, and practicality of quantum cryptographic systems. These include protocols such as the E91 protocol for entanglement-based QKD, the SARG04 protocol for continuous-variable QKD, and the decoy-state method for mitigating photon-number-splitting attacks. Additionally, researchers have explored novel cryptographic tasks enabled by quantum mechanics, such as quantum coin flipping, quantum secret sharing, and quantum oblivious transfer.

Practical implementations of QKD systems have been realized in laboratory settings and even over commercial fiber-optic networks. Companies and research institutions worldwide are actively working on developing quantum cryptographic solutions for applications ranging from secure banking and government communication to quantum-resistant post-quantum cryptography. While challenges such as photon loss, noise, and channel imperfections remain to be addressed, ongoing advancements in quantum technology, such as quantum repeaters and quantum memories, hold promise for overcoming these obstacles and realizing practical quantum cryptographic systems on a global scale.

Looking ahead, quantum cryptography is poised to play a pivotal role in ensuring the security and privacy of communication in an increasingly interconnected and digitized world. As quantum technologies continue to mature and become more accessible, the widespread adoption of quantum cryptographic solutions could usher in a new era of secure and trust-worthy communication, safeguarding sensitive information against the threats of tomorrow's computing landscape.","Quantum cryptography stands as a revolutionary paradigm in the realm of secure communication, harnessing the principles of quantum mechanics to establish unbreakable cryptographic protocols. At its core lies the fundamental concept of Quantum Key Distribution (QKD), a cryptographic technique that enables the secure exchange of encryption keys between remote parties. Unlike classical cryptography, which relies on computational complexity assumptions that could potentially be compromised by advances in computing power, quantum cryptography offers unconditional security guarantees based on the laws of quantum physics.

The cornerstone of quantum cryptography is the use of quantum states, typically photons, to encode information. These quantum states carry the cryptographic keys, and their properties are manipulated and measured by the sender (commonly referred to as Alice) and the receiver (Bob) to establish a shared secret key. The security of QKD protocols is grounded in the principles of quantum mechanics, including the Heisenberg uncertainty principle and the no-cloning theorem. Any attempt by an eavesdropper (often denoted as Eve) to intercept or measure the quantum states would inevitably disturb them, thus revealing her presence and compromising the security of the communication.

One of the most widely studied QKD protocols is the BB84 protocol, proposed by Charles Bennett and Gilles Brassard in 1984. In the BB84 protocol, Alice randomly prepares a sequence of quantum states, each representing a bit of the encryption key, using one of four possible states: the standard basis states |0⟩ and |1⟩, and the diagonal basis states |+⟩ and |−⟩. She then transmits these quantum states to Bob over a quantum channel. Upon receiving the quantum states, Bob randomly selects a basis (either the standard or diagonal basis) for each received state and measures it accordingly. After the transmission is complete, Alice and Bob publicly compare a subset of their measurement bases to detect any discrepancies caused by Eve's potential interference. If no discrepancies are found, they can safely use the remaining bits of their shared key for secure communication.

Beyond the BB84 protocol, numerous variations and enhancements to QKD have been proposed and studied, each aiming to improve the efficiency, security, and practicality of quantum cryptographic systems. These include protocols such as the E91 protocol for entanglement-based QKD, the SARG04 protocol for continuous-variable QKD, and the decoy-state method for mitigating photon-number-splitting attacks. Additionally, researchers have explored novel cryptographic tasks enabled by quantum mechanics, such as quantum coin flipping, quantum secret sharing, and quantum oblivious transfer.

Practical implementations of QKD systems have been realized in laboratory settings and even over commercial fiber-optic networks. Companies and research institutions worldwide are actively working on developing quantum cryptographic solutions for applications ranging from secure banking and government communication to quantum-resistant post-quantum cryptography. While challenges such as photon loss, noise, and channel imperfections remain to be addressed, ongoing advancements in quantum technology, such as quantum repeaters and quantum memories, hold promise for overcoming these obstacles and realizing practical quantum cryptographic systems on a global scale.

Looking ahead, quantum cryptography is poised to play a pivotal role in ensuring the security and privacy of communication in an increasingly interconnected and digitized world. As quantum technologies continue to mature and become more accessible, the widespread adoption of quantum cryptographic solutions could usher in a new era of secure and trust-worthy communication, safeguarding sensitive information against the threats of tomorrow's computing landscape.",0.065094455,0.065094455,0.065094455,0.065094455,0.130188911,0.065094455,0.065094455,0.065094455,0.065094455,0.130188911,0.065094455,0.195283366,0.065094455,0.065094455,0.065094455,0.065094455,0.065094455,0.065094455,0.130188911,0.195283366,0.065094455,0.260377822,0.130188911,0.195283366,0.065094455,0.065094455,0.260377822,0.065094455,0.065094455,0.065094455,0.065094455,0.065094455,0.130188911,0.065094455,0.065094455,0.065094455,0.065094455,0.065094455,0.065094455,0.065094455,0.065094455,0.520755644,0.130188911,0.065094455,0.065094455,0.455661188,0.065094455,0.065094455,0.065094455,0.130188911,,,,,,,,,,,,,,,,,,,,,,,,,,,,,,,,,,,,,,,,,,,,,,,,,,
Aspect,Aspect Title,Aspect Importance,Aspect Description,Aspect Description Revised,addit,applic,assumpt,attack,base,bb84,bound,bps,channel,character,chip,circuit,communic,comput,continu,cryptograph,cryptographi,decod,decoy,deleg,design,detector,determinist,devic,discret,distanc,distribut,effici,encod,encrypt,entangl,error,experiment,fast,fiat,field,finit,framework,fulli,function,game,general,hardwar,high,homomorph,independ,integr,interact,key,knowledg,lack,long,loss,low,measur,model,modul,multi,nanowir,obfusc,optic,passiv,perform,phase,photon,pixel,post,prepar,presenc,process,proof,protocol,pseudo,qkd,quantum,qubit,random,rate,relat,requir,round,secur,setup,shamir,share,singl,speed,state,superconduct,system,theorem,transform,transmiss,twin,ultra,variabl,vbb,verif,verifi,wotro
1,Cryptography-Protocols,100,2023,,0.008847204,0.015933175,0.013409066,0.015383387,0.018636647,0.009974279,0.003996673,0.008846864,0.01083056,0.009071234,0.011706016,0.003997666,0.010537084,0.004013177,0.011959448,0.016004147,0.008250115,0.012872659,0.004760275,0.004015619,0.011709302,0.009171435,0.003983119,0.004009937,0.005899835,0.003984494,0.017022987,0.014729701,0.011655731,0.003987157,0.013991339,0.007362257,0.010623033,0.010042628,0.01521425,0.006216621,0.016536498,0.007079019,0.013309973,0.022329175,0.009565037,0.01057533,0.008847428,0.016629357,0.003983799,0.003989977,0.007229099,0.00708717,0.018985786,0.004014301,0.00956763,0.003980796,0.009111773,0.00875346,0.007021921,0.009569144,0.008021616,0.007275864,0.01005501,0.004006862,0.015026595,0.01659894,0.005120539,0.007248835,0.017636221,0.010047193,0.00782447,0.00909712,0.011468994,0.009449078,0.022227643,0.020090464,0.003999388,0.014096365,0.006418261,0.008384266,0.004036865,0.009457198,0.008442049,0.009972273,0.006489036,0.019138749,0.005014449,0.01519832,0.009570448,0.014484032,0.010162104,0.00981537,0.010029891,0.005031582,0.003990845,0.009562787,0.009466393,0.006184512,0.006326844,0.011941003,0.003984933,0.008408242,0.028810232,0.009572327
Aspect,Aspect Title,Aspect Importance,Aspect Description,Aspect Description Revised,achiev,address,ani,appli,approach,call,challeng,class,classic,coher,common,connect,consid,construct,demonstr,deploy,develop,differ,enabl,establish,exist,final,follow,generat,implement,includ,inform,interest,introduc,km,length,link,main,mani,network,node,number,onli,pair,paramet,parti,practic,present,previous,produc,promis,properti,propos,prove,provid,real,result,scheme,set,show,studi,techniqu,technolog,time,work,applic,attack,base,communic,bound,channel,cryptographi,design,comput,cryptograph,devic,error,distribut,effici,entangl,general,function,independ,long,measur,loss,model,optic,phase,photon,post,proof,qkd,protocol,random,requir,rate,secur,share,state,system,singl,verif,key,high
2,Protocol Security,100,2024,,0.00922224,0.00649804,0.009291,0.00734538,0.00657511,0.00556764,0.0208779,0.0074012,0.0258518,0.012874,0.00734302,0.0056007,0.0194989,0.00791514,0.00725654,0.00592086,0.0136925,0.0126897,0.00558539,0.0116642,0.00731527,0.0084052,0.0120427,0.0060902,0.00557193,0.00558679,0.00558397,0.00561201,0.00792301,0.00661905,0.00560019,0.00576363,0.0155294,0.00559571,0.0133676,0.00745779,0.0104021,0.00748352,0.0243117,0.0103312,0.00575539,0.00596704,0.00847295,0.00689468,0.00615958,0.00665917,0.0081319,0.00942857,0.00709544,0.00555913,0.00686531,0.00556924,0.00796728,0.0195356,0.00779351,0.0068746,0.00716257,0.0242791,0.00568485,0.00558549,0.0100796,0.0114363,0.00823149,0.00685193,0.00661027,0.0095707,0.00600915,0.00813173,0.00861241,0.0119185,0.00637013,0.00842099,0.00693889,0.0073152,0.0110794,0.0115971,0.00711405,0.0302752,0.0137274,0.0115766,0.00964445,0.00981516,0.00777651,0.00555824,0.011219,0.00863107,0.0142644,0.0145981,0.0201132,0.010282,0.0149834,0.00976074,0.0204434,0.0199059,0.00669601,0.0146928,0.00616396,0.00833605,0.0250763,0.00746711
